{"length":1643,"gates":[[-77.1293559,39.0166177],[-77.1290374,39.0165102],[-77.1286434,39.0164384],[-77.1282479,39.0163722],[-77.1278460,39.0163394],[-77.1274423,39.0163347],[-77.1270385,39.0163548],[-77.1266347,39.0163755],[-77.1262313,39.0163996],[-77.1258278,39.0164238],[-77.1254244,39.0164479],[-77.1250209,39.0164720],[-77.1246184,39.0165034],[-77.1242367,39.0166011],[-77.1241845,39.0168090],[-77.1243995,39.0170754],[-77.1245970,39.0173491],[-77.1247380,39.0176431],[-77.1248578,39.0179434],[-77.1249410,39.0182509],[-77.1249769,39.0185631],[-77.1249779,39.0188774],[-77.1249455,39.0191903],[-77.1248792,39.0195002],[-77.1247699,39.0198029],[-77.1246761,39.0201084],[-77.1249525,39.0201910],[-77.1253572,39.0201910],[-77.1257618,39.0201910],[-77.1261665,39.0201910],[-77.1265711,39.0201904],[-77.1269757,39.0201868],[-77.1273804,39.0201831],[-77.1277703,39.0201004],[-77.1281642,39.0200348],[-77.1285684,39.0200391],[-77.1289520,39.0200500],[-77.1289681,39.0197358],[-77.1289842,39.0194217],[-77.1290003,39.0191075],[-77.1290164,39.0187934],[-77.1290325,39.0184792],[-77.1290486,39.0181650],[-77.1290668,39.0178510],[-77.1290879,39.0175370],[-77.1291588,39.0172276],[-77.1292573,39.0169226]]}