{"cols":10,"minLat":39.004244698497224,"minLon":-77.14324951171875,"z":17,"maxLon":-77.11578369140625,"maxLat":39.025585149337935,"rows":10}